,precision,recall,f1-score,support
0,0.9923312883435583,0.9987136609210188,0.9955122451596359,3887.0
1,0.9987228607918263,0.9923857868020305,0.9955442393380012,3940.0
accuracy,0.9955282994761723,0.9955282994761723,0.9955282994761723,0.9955282994761723
macro avg,0.9955270745676923,0.9955497238615246,0.9955282422488185,7827.0
weighted avg,0.9955487146175044,0.9955282994761723,0.9955283505720237,7827.0
