,precision,recall,f1-score,support
0,0.9737991266375546,0.547911547911548,0.7012578616352203,407.0
1,0.10606060606060606,0.4666666666666667,0.1728395061728395,45.0
2,0.04522613065326633,0.42857142857142855,0.08181818181818182,21.0
3,0.0962566844919786,0.16363636363636364,0.1212121212121212,110.0
4,0.93048128342246,0.4172661870503597,0.576158940397351,417.0
accuracy,0.445,0.445,0.445,0.445
macro avg,0.43036476625317316,0.40481043876727324,0.3306573222471428,1000.0
weighted avg,0.8006576510392139,0.445,0.548499520760523,1000.0
