,precision,recall,f1-score,support
0,0.9344978165938864,0.6294117647058823,0.7521968365553603,340.0
1,0.29292929292929293,0.4915254237288136,0.3670886075949367,118.0
2,0.1407035175879397,0.3888888888888889,0.2066420664206642,72.0
3,0.053475935828877004,0.23809523809523808,0.08733624454148471,42.0
4,0.8983957219251337,0.3925233644859813,0.5463414634146341,428.0
accuracy,0.478,0.478,0.478,0.478
macro avg,0.46400045697302594,0.4280889359809608,0.39192104370541603,1000.0
weighted avg,0.7491849257626797,0.478,0.5514438775195185,1000.0
