,precision,recall,f1-score,support
0,0.8908296943231441,0.6071428571428571,0.7221238938053096,336.0
1,0.22727272727272727,0.4017857142857143,0.2903225806451613,112.0
2,0.1507537688442211,0.410958904109589,0.2205882352941176,73.0
3,0.21390374331550802,0.3333333333333333,0.260586319218241,120.0
4,0.8609625668449198,0.44846796657381616,0.5897435897435898,359.0
accuracy,0.48,0.48,0.48,0.48
macro avg,0.46874450012010405,0.44033775508906203,0.4166729237412838,1000.0
weighted avg,0.670532358567937,0.48,0.5342410055514504,1000.0
