,precision,recall,f1-score,support
0,0.9518011161846778,0.5710806697108067,0.7138508371385083,3285.0
1,0.2639029322548028,0.4711191335740072,0.338302009073234,1108.0
2,0.1598360655737705,0.376357056694813,0.2243797195253506,829.0
3,0.08864541832669323,0.3352165725047081,0.14021268215833005,531.0
4,0.9024390243902439,0.44431363315281375,0.5954559798043546,4247.0
accuracy,0.4775,0.4775,0.4775,0.4775
macro avg,0.4733249113460376,0.43961741312742975,0.4024402455399555,10000.0
weighted avg,0.7431304467682484,0.4775,0.5509203893994826,10000.0
