,precision,recall,f1-score,support
0,0.908675799086758,0.5330357142857143,0.6719189645469893,3360.0
1,0.19919110212335692,0.3720491029272899,0.2594665788607178,1059.0
2,0.13165983606557377,0.3929663608562691,0.1972371450498849,654.0
3,0.19272908366533864,0.3455357142857143,0.24744245524296676,1120.0
4,0.8550932568149211,0.46966115051221435,0.6063072227873856,3807.0
accuracy,0.4617,0.4617,0.4617,0.4617
macro avg,0.4574698155511897,0.42264960857344036,0.3964744732975889,10000.0
weighted avg,0.6821396197266612,0.4617,0.5246763067777709,10000.0
