,precision,recall,f1-score,support
0,0.9812278031456113,0.5001292991983449,0.6625556697499143,3867.0
1,0.07633973710819009,0.30505050505050507,0.12211888394662353,495.0
2,0.05635245901639344,0.5069124423963134,0.10142923005993545,217.0
3,0.12101593625498008,0.22625698324022347,0.15768981181051267,1074.0
4,0.9483500717360115,0.4561766735679779,0.6160298229263748,4347.0
accuracy,0.4421,0.4421,0.4421,0.4421
macro avg,0.4366572014522373,0.398905180690673,0.33196468369867216,10000.0
weighted avg,0.8096873445613482,0.4421,0.5491802263544945,10000.0
