,precision,recall,f1-score,support
0,0.9918822932521563,0.9794589178356713,0.985631459541215,1996.0
1,0.9014155712841254,0.9162384378211716,0.9087665647298675,1946.0
2,0.7464139344262295,0.804527885146328,0.7743821419080521,1811.0
3,0.7504980079681275,0.6385593220338983,0.6900183150183149,2360.0
4,0.7584887613582019,0.8404875463698993,0.7973856209150327,1887.0
accuracy,0.8288,0.8288,0.8288,0.8288
macro avg,0.8297397136577681,0.8358544218413936,0.8312368204224964,10000.0
weighted avg,0.8288150985783821,0.8288,0.827129607731396,10000.0
