,precision,recall,f1-score,support
0,0.9974632166412988,0.9656188605108055,0.9812827551784378,2036.0
1,0.9196157735085946,0.9149899396378269,0.9172970247100354,1988.0
2,0.7971311475409836,0.8104166666666667,0.8037190082644629,1920.0
3,0.6429282868525896,0.6940860215053763,0.6675284384694933,1860.0
4,0.8388330942132951,0.7987249544626593,0.8182878469792396,2196.0
accuracy,0.8386,0.8386,0.8386,0.8386
macro avg,0.8391943037513524,0.8367672885566669,0.8376230147203337,10000.0
weighted avg,0.8427447158533672,0.8386,0.8403181678054287,10000.0
