,precision,recall,f1-score,support
0,0.9039301310043668,0.8697478991596639,0.886509635974304,238.0
1,0.6111111111111112,0.654054054054054,0.6318537859007833,185.0
2,0.4723618090452261,0.5562130177514792,0.5108695652173912,169.0
3,0.48663101604278075,0.4642857142857143,0.4751958224543081,196.0
4,0.7379679144385026,0.6509433962264151,0.6917293233082707,212.0
accuracy,0.651,0.651,0.651,0.651
macro avg,0.6424003963283975,0.6390488162954654,0.6392316265710114,1000.0
weighted avg,0.6598489494685857,0.651,0.6540041980176661,1000.0
