,precision,recall,f1-score,support
0,0.9039301310043668,0.9,0.9019607843137255,230.0
1,0.6767676767676768,0.6666666666666666,0.6716791979949874,201.0
2,0.49748743718592964,0.5689655172413793,0.5308310991957105,174.0
3,0.5347593582887701,0.4784688995215311,0.5050505050505051,209.0
4,0.6898395721925134,0.6935483870967742,0.6916890080428955,186.0
accuracy,0.669,0.669,0.669,0.669
macro avg,0.6605568350878513,0.6615298941052702,0.6602421189195649,1000.0
weighted avg,0.6705719135418197,0.669,0.6690328215007371,1000.0
