,precision,recall,f1-score,support
0,0.9010654490106544,0.8671875,0.8838019407812888,2048.0
1,0.6880687563195147,0.6905124302384577,0.6892884274499874,1971.0
2,0.5368852459016393,0.556558682952735,0.5465449804432855,1883.0
3,0.46065737051792827,0.4946524064171123,0.4770500257864879,1870.0
4,0.7403156384505022,0.6947935368043088,0.7168326001389211,2228.0
accuracy,0.6658,0.6658,0.6658,0.6658
macro avg,0.6653984920400478,0.6607409112825228,0.6627035949199941,10000.0
weighted avg,0.6723373001648615,0.6658,0.6686944644728959,10000.0
