,precision,recall,f1-score,support
0,0.900050735667174,0.8679060665362035,0.8836861768368618,2044.0
1,0.6946410515672397,0.6863136863136863,0.6904522613065326,2002.0
2,0.5430327868852459,0.5596620908130939,0.5512220488819553,1894.0
3,0.4701195219123506,0.512486427795874,0.4903896103896104,1842.0
4,0.7489239598278336,0.7060414788097386,0.7268507774425621,2218.0
accuracy,0.6718,0.6718,0.6718,0.6718
macro avg,0.6713536111719688,0.6664819500537191,0.6685201749715044,10000.0
weighted avg,0.6785952689562658,0.6718,0.6748007219877912,10000.0
