,precision,recall,f1-score,support
0,0.0,0.0,0.0,0.0
1,0.0,0.0,0.0,0.0
2,0.0,0.0,0.0,0.0
3,0.0,0.0,0.0,0.0
4,1.0,0.2091,0.3458770986684311,10000.0
accuracy,0.2091,0.2091,0.2091,0.2091
macro avg,0.2,0.04182,0.06917541973368621,10000.0
weighted avg,1.0,0.2091,0.3458770986684311,10000.0
