,precision,recall,f1-score,support
0,0.9082969432314411,0.9203539823008849,0.9142857142857144,226.0
1,0.696969696969697,0.7225130890052356,0.7095115681233933,191.0
2,0.5829145728643216,0.6041666666666666,0.5933503836317136,192.0
3,0.5775401069518716,0.5217391304347826,0.5482233502538071,207.0
4,0.7112299465240641,0.7228260869565217,0.7169811320754716,184.0
accuracy,0.703,0.703,0.703,0.703
macro avg,0.6953902533082792,0.6983197910728183,0.69647042967402,1000.0
weighted avg,0.7007330315809328,0.703,0.7014753164018535,1000.0
