,precision,recall,f1-score,support
0,1.0,0.9786324786324786,0.9892008639308855,234.0
1,0.9494949494949495,0.9038461538461539,0.9261083743842364,208.0
2,0.7889447236180904,0.8674033149171271,0.8263157894736841,181.0
3,0.7967914438502673,0.6592920353982301,0.7215496368038741,226.0
4,0.7058823529411765,0.8741721854304636,0.7810650887573964,151.0
accuracy,0.855,0.855,0.855,0.855
macro avg,0.8482226939808968,0.8566692336448906,0.8488479506700152,1000.0
weighted avg,0.8609570460741021,0.855,0.8546777482465275,1000.0
