,precision,recall,f1-score,support
0,1.0,0.9662447257383966,0.9828326180257511,237.0
1,0.9393939393939394,0.8732394366197183,0.9051094890510948,213.0
2,0.7989949748743719,0.8238341968911918,0.8112244897959184,193.0
3,0.7647058823529411,0.680952380952381,0.7204030226700252,210.0
4,0.7058823529411765,0.8979591836734694,0.7904191616766467,147.0
accuracy,0.849,0.849,0.849,0.849
macro avg,0.8417954299124858,0.8484459847750314,0.8419977562438874,1000.0
weighted avg,0.8556498804181335,0.849,0.8497622296977708,1000.0
