,precision,recall,f1-score,support
0,0.9041095890410958,0.9101123595505618,0.9071010435225249,1958.0
1,0.6491405460060667,0.7786537295330503,0.7080231596360629,1649.0
2,0.48924180327868855,0.60062893081761,0.5392433653303219,1590.0
3,0.3202191235059761,0.44965034965034967,0.3740546829552065,1430.0
4,0.9497847919655668,0.5887933590275719,0.7269399707174232,3373.0
accuracy,0.665,0.665,0.665,0.665
macro avg,0.6624991707594787,0.6655677457158288,0.6510724444323078,10000.0
weighted avg,0.7280111252832987,0.665,0.6787897702187996,10000.0
