,precision,recall,f1-score,support
0,0.9487569761542364,0.9659090909090909,0.9572562068082928,1936.0
1,0.8523761375126391,0.8301329394387001,0.8411075081067598,2031.0
2,0.6746926229508197,0.7320733740967204,0.7022127432684616,1799.0
3,0.6359561752988048,0.6397795591182365,0.6378621378621379,1996.0
4,0.8378766140602583,0.7828418230563002,0.8094248094248093,2238.0
accuracy,0.7902,0.7902,0.7902,0.7902
macro avg,0.7899317051953517,0.7901473573238096,0.7895726810940923,10000.0
weighted avg,0.7926277857974569,0.7902,0.7909483641151198,10000.0
