,precision,recall,f1-score,support
0,0.9279553526128869,0.8970083374203041,0.9122194513715711,2039.0
1,0.7982810920121335,0.7219935985368084,0.7582232893157264,2187.0
2,0.7223360655737705,0.5290806754221389,0.6107862248213126,2665.0
3,0.43376494023904383,0.5246987951807229,0.474918211559433,1660.0
4,0.5868005738880918,0.8467908902691511,0.6932203389830509,1449.0
accuracy,0.6916,0.6916,0.6916,0.6916
macro avg,0.6938276048651855,0.7039144593658252,0.6898735032102188,10000.0
weighted avg,0.7133291159322969,0.6916,0.6938835586604025,10000.0
