,precision,recall,f1-score,support
0,0.958904109589041,0.9278350515463918,0.9431137724550898,2037.0
1,0.7578361981799798,0.8341680578742349,0.7941721854304636,1797.0
2,0.6142418032786885,0.6999416228838296,0.6542974079126875,1713.0
3,0.6065737051792829,0.5991146089522873,0.6028210838901262,2033.0
4,0.8589191774270684,0.7421487603305785,0.7962757703391709,2420.0
accuracy,0.7602,0.7602,0.7602,0.7602
macro avg,0.7592949987308122,0.7606416203174644,0.7581360440055077,10000.0
weighted avg,0.7679064280381681,0.7602,0.7621584259233414,10000.0
