,precision,recall,f1-score,support
0,0.9994838709677419,0.9963982505788526,0.9979386755990725,3887.0
1,0.9964574898785425,0.999492385786802,0.9979726305119107,3940.0
accuracy,0.9979557940462501,0.9979557940462501,0.9979557940462501,0.9979557940462501
macro avg,0.9979706804231423,0.9979453181828273,0.9979556530554916,7827.0
weighted avg,0.9979604339559308,0.9979557940462501,0.9979557680171869,7827.0
