,precision,recall,f1-score,support
0,0.9141274238227147,0.8489837921276049,0.8803521408563425,3887.0
1,0.8608015176665876,0.9213197969543148,0.8900331004045606,3940.0
accuracy,0.8853967037178996,0.8853967037178996,0.8853967037178996,0.8853967037178996
macro avg,0.8874644707446512,0.8851517945409598,0.8851926206304516,7827.0
weighted avg,0.8872839243650501,0.8853967037178996,0.8852253976111629,7827.0
