,precision,recall,f1-score,support
0,1.0,0.9930537689735014,0.9965147799148056,3887.0
1,0.993193849256365,1.0,0.9965853041608701,3940.0
accuracy,0.9965504024530472,0.9965504024530472,0.9965504024530472,0.9965504024530472
macro avg,0.9965969246281825,0.9965268844867508,0.9965500420378379,7827.0
weighted avg,0.9965738809339566,0.9965504024530472,0.9965502808129141,7827.0
